date,project,hours,activity_description,technical_uncertainty,hypothesis_tested,result_observed
2025-12-01,Alfred – HA AI Agent,3.0,"Designed persistent memory architecture for Home Assistant AI agent; evaluated SQLite schema for 25-table pattern storage","Could an LLM-based agent maintain reliable conversational memory across disconnected HA sessions without hallucinating prior state?","Hypothesis: structured relational storage with session tagging would reduce context drift","Confirmed schema works; cross-session recall improved; edge cases with concurrent events still uncertain"
2025-12-08,Alfred – HA AI Agent,4.5,"Implemented integration loader and dynamic tool dispatcher; experimented with hook-based action chaining","Would hook-based event chaining allow the agent to autonomously chain HA automations without predefined flows?","Hypothesis: hook registry pattern enables zero-config tool discovery","Partial success; tool discovery worked but ordering of async hooks required additional constraint logic"
2025-12-15,Alfred – HA AI Agent,5.0,"Iterated on voice-to-intent pipeline; tested multiple prompt architectures for intent classification accuracy","Uncertain whether off-the-shelf LLM APIs could classify HA intents from ambiguous voice fragments reliably (>90% accuracy) in real-time","Hypothesis: chain-of-thought prompting improves classification on short ambiguous inputs","Tested 3 prompting strategies; CoT improved accuracy from 74% to 88%; 90% threshold not yet met"
2026-01-10,AI Venture Studio – Archon,4.0,"Designed multi-agent orchestration protocol; evaluated coordination patterns for Claude + Gemini + GPT swarm","Can heterogeneous AI agents with different context windows and API contracts coordinate on shared tasks without central bottleneck?","Hypothesis: shared context store (key-value) allows stateless coordination without a master broker","Built proof-of-concept in Archon; agents successfully shared state; latency spikes detected under load"
2026-01-18,AI Venture Studio – Archon,6.0,"Implemented session memory system with vector embeddings (pgvector); evaluated embedding model choice for 1024 vs 1536 dimensions","Would mxbai-embed-large at 1024 dimensions preserve sufficient semantic fidelity for session retrieval across diverse agent tasks?","Hypothesis: 1024-dim embeddings reduce storage cost while maintaining >95% retrieval relevance","Ran retrieval benchmarks; 1024-dim achieved comparable recall to 1536-dim; confirmed dimension downgrade safe"
2026-01-25,AI Venture Studio – Archon,5.5,"Designed and tested ETag-based HTTP cache invalidation strategy for multi-agent polling","Would browser-native ETag caching reduce redundant API traffic when 3+ agents poll same endpoints concurrently?","Hypothesis: RFC 7232 ETag + 304 responses eliminate duplicate payloads without manual cache management","Verified ~70% bandwidth reduction in test; confirmed browser handles 304 transparently without JS intervention"
2026-02-05,Alfred – HA AI Agent,3.5,"Investigated git-lfs interaction with Claude Code porcelain commands; developed plumbing-only commit workflow","Would git-lfs hooks cause hang conditions on porcelain git commit calls in automated agent pipelines?","Hypothesis: git plumbing commands (write-tree → commit-tree → update-ref) bypass lfs pre-commit hook","Confirmed: porcelain git commit hangs indefinitely; plumbing approach resolves the issue"
2026-02-10,HVAC Agent (VWA),4.0,"Researched feasibility of LLM-based fault classification for residential HVAC systems from sensor event streams","Can current generation LLMs reliably diagnose HVAC faults (refrigerant leak, sensor failure, compressor fault) from structured telemetry without labeled training data?","Hypothesis: few-shot prompting with domain-specific examples achieves >80% diagnostic accuracy on common fault classes","Tested on 3 fault categories with simulated sensor data; accuracy ranged 65-82%; refrigerant leak detection below threshold"
2026-02-17,HVAC Agent (VWA),5.0,"Designed multi-step reasoning pipeline for HVAC diagnostic agent; evaluated tool-use patterns for sensor querying","Uncertain whether tool-calling architecture could handle asynchronous sensor polling within a single LLM reasoning chain","Hypothesis: structured tool-call protocol with retry logic resolves async sensor query timing issues","Implemented polling with 3 retry attempts; deterministic tool-call ordering resolved timing; success rate 91%"
2026-02-20,Medical Diagnostic Tool,3.5,"Evaluated LLM safety properties for medical symptom triage; designed constraint layer for out-of-scope escalation","Uncertain whether LLMs can reliably detect the boundary between safe triage guidance and advice requiring physician escalation","Hypothesis: rule-based escalation triggers layered on top of LLM output reduce unsafe responses to near-zero","Tested 50 synthetic patient scenarios; rule layer reduced unsafe responses from 12% to 1.5%; residual cases in rare symptom clusters"
2026-02-25,Medical Diagnostic Tool,4.5,"Designed memory architecture for multi-session patient context; evaluated privacy-safe embedding strategies","Could patient interaction vectors be stored and retrieved for continuity without retaining identifiable health information?","Hypothesis: differential privacy noise addition to embeddings preserves retrieval relevance while preventing re-identification","Preliminary tests show retrieval relevance degrades with high epsilon values; optimal epsilon range under investigation"
2026-03-01,AI Venture Studio – Archon,4.0,"Built agent registry and session handoff protocol for Phase 4 swarm infrastructure","Would a heartbeat-based agent registry allow detecting stale agents and enabling safe task handoff without data loss?","Hypothesis: last_seen timestamp + 2h staleness threshold is sufficient for reliable liveness detection","Implemented and validated in Archon; handoff protocol works; edge case: clock skew between Docker containers requires NTP sync"
2026-03-10,AI Venture Studio – Archon,5.0,"Designed and implemented idea intake confidence badge using AI rating pipeline; resolved data model mismatch (numeric vs string enum)","Uncertain whether LLM-generated quality ratings as string enums would integrate correctly with numeric display assumptions in front-end pipeline","Hypothesis: string-keyed lookup map more robust than parseFloat for enum-typed AI outputs","Discovered spec defect during code review; RATING_CHIP map approach fully resolved; 0 runtime errors"
